userId,movieId,rating,timestamp
547,1865,1.0,982553042
547,1883,3.0,974809349
547,1885,4.5,1053087582
547,1897,3.0,974810773
547,1909,3.0,1022680545
547,1912,0.5,1053173420
547,1913,4.5,1135941146
547,1914,2.0,974780741
547,1916,4.0,1053087504
547,1921,2.0,1022680375
547,1923,4.0,1000729826
547,1924,4.0,1135940765
547,1934,3.5,1106429881
547,1936,4.0,1022242645
547,1938,4.0,1022242596
547,1939,5.0,974810036
547,1940,2.5,1412348227
547,1943,3.0,1206759247
547,1944,3.0,974777662
547,1945,5.0,974777443
547,1946,5.0,974777482
547,1947,5.0,974810634
547,1948,5.0,974780614
547,1950,5.0,974810080
547,1951,3.0,1021195882
547,1952,5.0,974809963
547,1953,5.0,1007046673
547,1954,1.5,1053173532
547,1955,4.0,1022959041
547,1956,5.0,974809988
547,1958,3.0,981312935
547,1960,4.0,1022677914
547,1961,3.0,981312902
547,1962,3.5,1053171514
547,1963,4.0,974780672
547,1964,4.0,974810080
547,1965,4.0,981313273
547,1966,1.0,986695770
547,1968,2.5,1109395730
547,1987,3.0,981313848
547,1994,4.5,1053087745
547,1997,3.0,978185575
547,2011,1.0,1022678537
547,2012,0.5,1076809750
547,2013,2.0,981312606
547,2014,1.0,1076968597
547,2015,3.5,1199392090
547,2017,3.0,1119491602
547,2018,5.0,1041496155
547,2019,5.0,974777410
547,2020,4.5,1053087974
547,2021,2.0,981313620
547,2023,2.0,1010571657
547,2025,4.0,1022957435
547,2043,3.5,1199574304
547,2049,2.5,1199392175
547,2056,3.5,1199391553
547,2057,3.5,1199391556
547,2064,5.0,974779641
547,2065,3.0,974780367
547,2066,4.5,1093832403
547,2067,5.0,974810676
547,2070,4.0,981312865
547,2072,2.0,1022957825
547,2076,5.0,981312865
547,2078,4.0,1076810225
547,2080,3.5,1199575375
547,2085,3.0,1199391583
547,2087,3.5,1093859822
547,2088,2.0,981313828
547,2096,3.5,1199574337
547,2108,3.5,1053171359
547,2110,2.0,1022958592
547,2111,2.0,981313155
547,2112,2.0,986694509
547,2125,3.5,1349549437
547,2130,4.0,974810100
547,2132,5.0,974809963
547,2135,1.0,978953720
547,2144,2.5,1107835294
547,2145,3.5,1053172380
547,2146,2.0,1053173082
547,2150,4.5,1198815501
547,2155,2.0,1000729750
547,2160,4.0,974850297
547,2165,3.5,1053172050
547,2166,2.5,1076209422
547,2171,3.5,1106432907
547,2174,0.5,1053173806
547,2176,4.0,986725023
547,2181,4.0,1021195940
547,2183,4.0,986725023
547,2184,4.0,1021572958
547,2186,5.0,974779724
547,2188,2.0,994874444
547,2194,2.0,981313014
547,2203,5.0,974779724
547,2204,4.0,987185079
547,2206,4.0,1022242698
547,2208,4.0,1053087565
547,2239,2.0,974780841
547,2243,4.5,1135941202
547,2245,4.5,1198813548
547,2247,4.0,981313206
547,2248,5.0,974780533
547,2259,0.5,1053173753
547,2260,2.0,981313886
547,2262,1.0,1022678597
547,2268,3.0,986694651
547,2271,3.5,1076209613
547,2272,3.5,1053171204
547,2283,5.0,1000456190
547,2285,5.0,986725785
547,2289,5.0,974779093
547,2290,4.0,981313410
547,2291,4.0,974810752
547,2300,5.0,974780367
547,2302,3.5,1053171386
547,2303,5.0,974809897
547,2313,4.0,981312829
547,2318,1.0,986694949
547,2321,4.5,1053171226
547,2324,5.0,978186309
547,2329,4.0,994606869
547,2333,4.0,981314441
547,2336,4.0,981314227
547,2348,2.0,974810144
547,2349,4.5,1053087725
547,2352,4.5,1053171088
547,2353,3.5,1053171111
547,2356,0.5,1053173743
547,2357,5.0,974778610
547,2360,3.0,1108846695
547,2362,4.0,1135940780
547,2363,4.0,1022676793
547,2364,3.0,1022678263
547,2366,4.0,1022242443
547,2369,4.5,1135940791
547,2384,4.0,1022680440
547,2391,4.5,1053088081
547,2395,2.0,974780868
547,2396,3.0,974778291
547,2398,5.0,974810144
547,2406,3.0,981313125
547,2416,2.0,1022678444
547,2424,1.0,1076810074
547,2441,3.0,1021099595
547,2446,2.0,998474371
547,2454,3.5,1199574689
547,2455,4.0,981313365
547,2463,2.0,981313206
547,2474,5.0,981313301
547,2485,2.0,994874696
547,2501,3.5,1202821449
547,2502,2.5,1053173037
547,2511,4.0,1128298270
547,2520,2.0,981312606
547,2535,1.0,981312642
547,2539,3.0,1047719404
547,2542,1.0,1106432602
547,2545,3.0,1076209818
547,2546,2.0,1010667653
547,2550,3.0,1131845704
547,2551,3.0,1022958592
547,2565,3.0,974777662
547,2570,0.5,1053173684
547,2571,3.5,1053171807
547,2572,2.0,1022957825
547,2580,4.5,1053087543
547,2583,1.0,1022958483
547,2590,4.0,1022680129
547,2598,3.0,997190749
547,2599,3.5,1053173008
547,2600,2.0,986695097
547,2610,4.0,986694704
547,2612,5.0,974810080
547,2616,0.5,1076810622
547,2617,2.0,1076809795
547,2621,3.0,1021100077
547,2631,3.0,1135940828
547,2633,4.0,1022242444
547,2634,3.0,1134102745
547,2635,3.0,1022242801
547,2639,4.0,981313505
547,2640,2.0,1021195505
547,2644,5.0,1022242420
547,2648,5.0,1022242366
547,2651,4.0,1022242765
547,2654,4.0,1022242730
547,2657,4.0,1022959249
547,2664,4.0,1022676611
547,2671,2.0,1000530166
547,2678,3.0,1041175153
547,2683,1.0,1022958026
547,2688,1.0,994874556
547,2689,3.5,1183502386
547,2690,4.0,1045398398
547,2692,4.0,974810704
547,2696,4.0,1022957170
547,2697,2.0,1000729685
547,2699,1.5,1108173501
547,2700,3.0,974780614
547,2702,2.0,980633666
547,2707,3.0,1055595377
547,2710,2.0,994874467
547,2712,3.5,1053172141
547,2716,4.0,981313155
547,2717,2.0,981313744
547,2724,2.0,994874696
547,2726,5.0,1003062907
547,2727,4.0,1157943887
547,2728,4.5,1199391614
547,2729,3.5,1199573127
547,2731,5.0,974777410
547,2732,5.0,974809963
547,2738,1.0,981313385
547,2739,4.0,981312902
547,2745,4.0,1022959138
547,2750,3.0,986725277
547,2755,2.0,981313642
547,2757,3.0,994874556
547,2759,3.5,1053173005
547,2762,4.0,981314171
547,2763,4.0,1022680730
547,2764,4.0,1199391855
547,2770,4.0,1039881071
547,2779,3.0,981312334
547,2780,3.5,1199559991
547,2782,3.5,1199391598
547,2788,4.0,1053087483
547,2791,5.0,974780533
547,2792,4.0,1028129718
547,2795,3.5,1432359536
547,2797,5.0,974809415
547,2802,2.5,1053172622
547,2804,3.0,974809897
547,2809,2.0,1010814504
547,2819,3.0,978360730
547,2840,1.5,1053173557
547,2852,3.0,981313085
547,2856,3.0,1199391541
547,2858,5.0,974778291
547,2859,4.0,1198815522
547,2863,5.0,1371914224
547,2866,3.0,981312455
547,2870,2.0,1199392080
547,2871,4.5,1053172362
547,2875,2.0,1145755905
547,2877,0.5,1053173696
547,2878,1.0,1022678681
547,2883,3.0,1022679847
547,2890,5.0,981314335
547,2908,4.0,1028129879
547,2915,2.0,981312935
547,2916,3.5,1053171447
547,2917,4.5,1053088432
547,2918,3.5,1251535667
547,2919,4.0,974810170
547,2925,5.0,974810144
547,2926,4.0,974809441
547,2928,3.0,981313457
547,2929,4.0,981312986
547,2932,3.0,978360689
547,2935,4.0,1022242562
547,2937,3.5,1150862708
547,2939,3.0,1022676711
547,2940,3.0,974779821
547,2941,5.0,974777988
547,2942,4.0,981313684
547,2946,5.0,974809487
547,2947,2.5,1053173230
547,2956,3.0,981313524
547,2959,3.5,1053171724
547,2966,3.0,974779039
547,2967,3.0,974777988
547,2970,2.0,974810224
547,2971,5.0,978360689
547,2973,3.0,974780201
547,2976,3.5,1053171501
547,2987,3.5,1053172048
547,2988,4.0,981312935
547,2993,3.5,1199391865
547,2997,5.0,974779039
547,3005,3.5,1076810524
547,3006,4.0,974778314
547,3007,4.5,1148929176
547,3011,4.0,974850335
547,3019,4.5,1053088153
547,3020,2.5,1093859953
547,3022,4.5,1196123015
547,3028,3.0,1053171438
547,3037,4.5,1199390407
547,3038,5.0,974777753
547,3039,3.0,981313231
547,3044,2.0,974810837
547,3045,2.0,1022680751
547,3051,3.0,994874444
547,3052,2.0,986694918
547,3060,5.0,974809282
547,3061,2.0,1022242730
547,3068,3.0,974810254
547,3069,3.0,981312419
547,3072,3.5,1053171813
547,3075,4.0,1199559026
547,3077,4.5,1148929145
547,3088,5.0,974777753
547,3090,2.0,981312829
547,3093,2.0,981312522
547,3094,2.0,1022677941
547,3095,3.5,1053087552
547,3096,3.0,1126235904
547,3097,3.0,974779878
547,3098,2.0,981313046
547,3099,3.0,974780741
547,3100,4.5,1135941252
547,3101,5.0,981313323
547,3102,3.5,1053171944
547,3104,5.0,981312902
547,3105,4.0,986694487
547,3108,5.0,986695020
547,3115,2.0,994874556
547,3118,3.0,1000729110
547,3121,3.5,1090114983
547,3125,3.0,986695020
547,3128,2.0,1010814554
547,3130,2.0,1076968530
547,3135,3.5,1053171740
547,3138,2.0,1022678681
547,3142,4.0,1021196501
547,3144,2.0,1021196137
547,3147,4.0,1000141619
547,3148,3.0,1022958419
547,3152,5.0,974809988
547,3160,4.0,974778541
547,3167,5.0,978360689
547,3168,5.0,974850393
547,3169,3.0,974810119
547,3174,3.0,1076810388
547,3175,4.0,1000729773
547,3176,4.5,1053087630
547,3182,3.5,1192671757
547,3183,2.0,1076209698
547,3186,2.0,1022680413
547,3188,3.0,1118499520
547,3194,3.5,1067207663
547,3199,2.0,1189650561
547,3200,4.0,981312334
547,3201,3.0,974777109
547,3203,4.0,1022958803
547,3206,3.0,1047719315
547,3210,2.0,1030464587
547,3211,4.0,981313457
547,3219,3.0,994874643
547,3244,3.5,1053172155
547,3247,1.0,1076810655
547,3253,5.0,986694295
547,3254,4.0,1022959422
547,3255,3.0,986695368
547,3260,5.0,974778541
547,3261,3.0,1022680129
547,3262,0.5,1109437677
547,3263,4.0,1076209727
547,3269,0.5,1076968288
547,3271,3.5,1053171393
547,3274,3.0,1022680497
547,3285,2.0,997190885
547,3292,3.5,1422800034
547,3296,4.0,986725674
547,3301,2.0,998490344
547,3307,5.0,974779878
547,3310,5.0,1328537281
547,3317,4.0,1022966086
547,3328,4.0,974810355
547,3330,3.5,1199573433
547,3334,3.0,974779771
547,3340,3.5,1199575367
547,3341,3.0,974777482
547,3343,1.0,1022957955
547,3347,3.5,1053171599
547,3350,3.5,1199391603
547,3358,1.0,974780868
547,3359,4.0,974810036
547,3360,2.5,1111809502
547,3361,5.0,974780707
547,3362,5.0,974780201
547,3363,3.0,974780201
547,3364,4.0,1109437962
547,3365,3.0,1127078797
547,3377,3.5,1186274522
547,3379,2.0,1135979254
547,3380,2.5,1089856364
547,3385,2.0,981313828
547,3386,5.0,986694736
547,3395,1.0,981313744
547,3405,3.0,1336324528
547,3408,3.0,1131635584
547,3418,5.0,981314419
547,3420,1.0,981312606
547,3422,3.5,1053172254
547,3424,5.0,974780642
547,3426,3.0,1053171770
547,3430,0.5,1053173832
547,3435,4.0,974779724
547,3445,3.5,1053171526
547,3448,2.0,981313482
547,3450,0.5,1053173838
547,3451,2.5,1199391817
547,3457,3.0,1032906047
547,3461,4.0,974850335
547,3462,5.0,974779878
547,3467,4.5,1086010787
547,3468,5.0,974810010
547,3469,4.0,1199573572
547,3471,4.0,978360730
547,3475,4.5,1053171830
547,3476,3.5,1053171564
547,3478,4.0,981313301
547,3481,4.5,1053171156
547,3489,1.5,1093859879
547,3494,3.0,1022677114
547,3499,3.0,981314355
547,3504,5.0,974780201
547,3505,4.0,1022959171
547,3507,5.0,978953566
547,3508,3.0,986725564
547,3512,1.0,1131636082
547,3516,2.5,1053172977
547,3521,3.0,974809247
547,3524,4.0,981313345
547,3526,2.0,974809466
547,3528,3.0,1010571613
547,3536,4.5,1131635466
547,3537,2.0,986693890
547,3540,2.0,1010814604
547,3543,3.0,974780302
547,3545,4.5,1073215458
547,3546,5.0,986725757
547,3551,2.5,1199220228
547,3565,2.0,974779241
547,3571,2.5,1145756074
547,3578,3.0,1053171122
547,3604,4.0,1022677046
547,3606,3.0,1022242645
547,3613,2.0,981313125
547,3614,0.5,1145755874
547,3622,4.0,974809373
547,3649,2.0,981313180
547,3653,4.0,1021195916
547,3668,4.0,974810654
547,3675,1.0,974777988
547,3676,1.0,1152401476
547,3682,1.0,1021195577
547,3683,4.0,1022958185
547,3684,5.0,981313231
547,3685,1.0,974780642
547,3699,4.0,981312986
547,3700,4.0,1039881097
547,3706,2.0,974779821
547,3707,2.5,1053172471
547,3712,3.5,1053172270
547,3713,2.0,986694400
547,3724,5.0,978360689
547,3728,3.0,974779093
547,3730,5.0,974809870
547,3731,4.0,981313180
547,3734,3.0,981313547
547,3735,3.5,1053171651
547,3736,4.0,1189814634
547,3741,5.0,974810100
547,3751,2.5,1131635755
547,3752,1.5,1182395350
547,3763,4.0,981313125
547,3788,2.0,974850393
547,3798,2.0,1076810695
547,3801,4.0,1022676574
547,3809,4.5,1182394619
547,3812,4.5,1106443915
547,3813,2.0,981312481
547,3814,4.0,1022959105
547,3825,1.0,1022958484
547,3826,0.5,1131636063
547,3833,3.5,1199573055
547,3834,1.0,1022678312
547,3844,3.5,1053172021
547,3852,2.5,1053172499
547,3868,5.0,981313085
547,3869,4.5,1329536356
547,3871,3.5,1199576012
547,3872,5.0,974777566
547,3873,4.0,974780741
547,3886,3.5,1053171261
547,3893,2.0,986693508
547,3897,4.5,1053171486
547,3911,3.5,1053172684
547,3916,3.0,1041175023
547,3925,4.0,1198815601
547,3927,3.0,986725757
547,3928,2.5,1157944138
547,3929,4.0,1022958694
547,3930,3.0,1022958484
547,3932,4.0,1022959018
547,3948,4.0,1010342592
547,3949,3.5,1078713460
547,3952,4.0,1022958484
547,3957,2.0,1022958185
547,3963,0.5,1182395119
547,3965,4.0,1189137495
547,3966,4.5,1094983548
547,3967,2.5,1131635750
547,3969,2.5,1053173042
547,3977,2.0,1022958388
547,3983,4.0,1022966086
547,3989,4.5,1183860154
547,3994,2.0,1027702155
547,3996,4.0,1131635315
547,3998,3.0,1010342559
547,4002,2.5,1053173048
547,4008,2.0,1022958254
547,4009,4.0,978953566
547,4011,0.5,1182395132
547,4014,4.0,1009855484
547,4020,3.0,1145756348
547,4021,4.0,1093141336
547,4022,4.0,1133584723
547,4023,1.0,1182395078
547,4024,3.0,1053768465
547,4027,5.0,1010451729
547,4029,3.5,1053171418
547,4034,4.5,1131635350
547,4036,2.5,1131635813
547,4037,5.0,978953537
547,4041,3.0,1053171604
547,4043,4.0,978953537
547,4054,3.0,1001166045
547,4055,3.5,1053171823
547,4056,3.5,1053172767
547,4061,2.0,1021100232
547,4062,3.5,1053171188
547,4063,3.0,980609789
547,4066,4.0,986724989
547,4067,1.0,1030464418
547,4080,2.0,1022958026
547,4085,4.0,1028129848
547,4086,4.0,1028129848
547,4098,3.0,980609709
547,4108,4.0,980609692
547,4116,4.0,980609672
547,4121,3.0,980609646
547,4123,3.0,980609646
547,4144,4.0,1005922068
547,4161,2.0,1000653100
547,4174,3.0,1047719533
547,4175,3.0,1053171148
547,4183,3.0,986694020
547,4185,4.0,1106443092
547,4187,3.5,1053171574
547,4188,4.0,1021572916
547,4190,3.0,986724989
547,4191,4.0,1028129718
547,4194,3.0,986724961
547,4205,2.0,1076968513
547,4210,3.0,987185079
547,4211,4.0,986694070
547,4216,3.5,1053171793
547,4217,3.5,1181782959
547,4218,4.5,1053087897
547,4226,4.5,1053172227
547,4228,2.0,995799623
547,4231,1.0,1050243723
547,4235,4.5,1180756579
547,4236,3.0,1076889998
547,4239,3.0,1044093938
547,4246,2.0,1050243493
547,4263,4.5,1199572948
547,4270,2.5,1131635789
547,4276,2.0,1022678059
547,4279,2.0,1021196325
547,4280,4.0,1021196478
547,4281,3.0,1022958314
547,4290,4.0,1439310412
547,4291,1.0,1022957861
547,4292,4.0,1021195429
547,4296,2.0,1021195650
547,4306,3.0,1072634099
547,4308,4.0,1131635303
547,4310,0.5,1076810741
547,4318,1.0,1000729801
547,4321,2.5,1076810689
547,4322,3.0,1021196353
547,4332,2.0,1021196411
547,4333,2.0,1022678312
547,4343,3.0,1020287381
547,4344,3.5,1133584738
547,4345,4.5,1053171692
547,4349,4.5,1199390375
547,4356,4.0,1028130120
547,4357,2.0,1022676761
547,4359,3.0,1021572916
547,4361,4.5,1053087922
547,4367,1.5,1076968354
547,4370,3.0,1022957861
547,4392,2.0,1047719315
547,4403,3.0,1021196098
547,4409,1.0,1463811130
547,4410,5.0,1021196381
547,4414,3.5,1199560029
547,4422,5.0,1021195429
547,4424,3.5,1053171733
547,4426,4.0,1157849352
547,4428,5.0,1000530123
547,4432,5.0,994153145
547,4433,3.5,1199575110
547,4447,2.0,1030719427
547,4448,4.0,1131635628
547,4464,3.0,1021196523
547,4465,4.0,1021196447
547,4474,2.0,1022678648
547,4487,1.0,1022678838
547,4489,3.0,1022678488
547,4495,2.0,1030464554
547,4496,1.0,1022678597
547,4499,1.0,1011142290
547,4503,2.0,995816709
547,4508,3.0,1022678403
547,4515,3.0,1342849666
547,4523,3.0,1021196478
547,4529,3.0,997543955
547,4537,4.0,1021196249
547,4546,4.0,1041430708
547,4555,2.0,1022677967
547,4557,1.0,1021196447
547,4564,2.0,1198813077
547,4571,1.0,1010571613
547,4585,4.0,1022678337
547,4587,1.0,1022678444
547,4590,3.5,1053171522
547,4606,2.0,994874368
547,4621,1.5,1053173391
547,4623,3.5,1053171583
547,4627,2.0,1021196759
547,4628,3.0,1021196585
547,4639,1.0,1022957922
547,4641,3.5,1084237789
547,4654,1.0,1022678878
547,4659,4.0,1021196759
547,4661,5.0,1022678016
547,4667,2.0,1022679016
547,4674,1.0,1021196759
547,4679,3.0,1022678444
547,4684,0.5,1053173682
547,4690,1.0,1000530218
547,4692,3.0,1000530270
547,4699,3.0,998871279
547,4703,3.5,1076968525
547,4704,3.0,1021196137
547,4705,2.0,1022958314
547,4716,1.0,1022678134
547,4720,3.0,1041766708
547,4757,2.0,1046652412
547,4765,2.0,1075587835
547,4776,4.5,1131635483
547,4784,3.0,1002725250
547,4787,3.0,1000530192
547,4799,4.0,1003331787
547,4801,4.5,1117286623
547,4803,3.0,1145736718
547,4809,5.0,1021196411
547,4810,4.0,1002725401
547,4814,2.5,1053172709
547,4816,4.0,1131635646
547,4821,4.5,1131635455
547,4823,2.0,1053173071
547,4831,3.0,1022679116
547,4832,3.0,1082214663
547,4835,4.0,1028129929
547,4840,2.0,1021196353
547,4844,4.0,1394125039
547,4848,4.0,1017859526
547,4855,1.0,1002725300
547,4859,1.0,1022679404
547,4873,3.0,1174815141
547,4874,2.5,1053172899
547,4878,2.5,1081819211
547,4880,3.5,1053171569
547,4881,3.5,1053907106
547,4889,3.0,1072634143
547,4890,0.5,1053173709
547,4901,3.0,1025968088
547,4903,4.0,1041603738
547,4912,4.5,1199391512
547,4914,2.0,1021572576
547,4920,3.5,1134272598
547,4921,2.0,1011142205
547,4927,4.5,1053171780
547,4936,4.0,1021196553
547,4948,1.5,1186527898
547,4954,2.5,1106443327
547,4963,4.5,1053087733
547,4965,4.5,1131635280
547,4969,5.0,1021770672
547,4970,3.0,1022676254
547,4973,4.5,1133584658
547,4975,4.0,1030202688
547,4976,3.0,1030278675
547,4978,2.5,1053173385
547,4979,3.5,1053171407
547,4992,0.5,1131636059
547,4993,2.5,1053173397
547,4995,4.0,1010342667
547,4999,4.0,1137554687
547,5004,3.0,1021195940
547,5008,4.0,1199574925
547,5009,2.5,1053173311
547,5012,1.5,1198816120
547,5013,3.5,1053171137
547,5015,3.0,1039012334
547,5017,5.0,1094983691
547,5033,2.0,1022678312
547,5034,3.0,1022679737
547,5049,3.0,1022966086
547,5056,2.0,1022677274
547,5060,4.5,1053171373
547,5061,1.5,1053173258
547,5087,3.0,1022677483
547,5088,4.5,1199390393
547,5097,3.0,1022242480
547,5098,3.0,1022242480
547,5099,3.0,1022242480
547,5105,4.0,1021195481
547,5114,4.0,1199576130
547,5119,4.0,1199391390
547,5120,3.0,1021097761
547,5121,4.0,1072254158
547,5135,4.0,1120515248
547,5177,3.0,1021770672
547,5186,3.0,1022678992
547,5193,3.0,1022679270
547,5199,3.0,1022677990
547,5225,4.0,1110167373
547,5238,5.0,1021196478
547,5242,1.5,1113965431
547,5250,3.5,1053171655
547,5265,3.0,1017858665
547,5288,4.0,1021196585
547,5291,4.0,1150496559
547,5293,4.0,1040051287
547,5299,2.5,1131635873
547,5303,1.0,1021098817
547,5308,2.0,1053173133
547,5339,3.5,1175979044
547,5341,5.0,1021195481
547,5349,3.0,1054944644
547,5359,2.0,1022680264
547,5360,2.0,1198816109
547,5364,3.5,1053172646
547,5367,4.0,1053087575
547,5377,4.0,1031664102
547,5380,4.0,1045460001
547,5384,4.0,1082214761
547,5385,5.0,1053907745
547,5388,2.5,1085872365
547,5391,3.5,1076040142
547,5418,4.0,1190600897
547,5434,3.5,1094983607
547,5445,3.0,1045381682
547,5447,2.5,1088222332
547,5450,2.5,1146608848
547,5475,5.0,1032906921
547,5483,4.0,1061008644
547,5489,3.0,1471437743
547,5502,4.0,1031387742
547,5505,2.0,1052159293
547,5521,0.5,1198814202
547,5528,3.5,1131635547
547,5544,2.0,1031663976
547,5617,0.5,1131636026
547,5638,3.0,1199392166
547,5641,4.0,1106442619
547,5644,2.0,1115581971
547,5646,3.0,1032906201
547,5650,4.0,1106442549
547,5651,3.5,1199559677
547,5666,2.5,1131635896
547,5668,3.5,1067183931
547,5669,4.0,1112482439
547,5673,2.5,1131635889
547,5679,4.0,1131635619
547,5680,4.0,1041220966
547,5693,4.5,1135940878
547,5694,0.5,1119491650
547,5707,2.5,1106442469
547,5729,2.0,1357544051
547,5772,4.5,1053171182
547,5777,4.0,1119491513
547,5792,0.5,1131636056
547,5795,3.5,1182557389
547,5801,4.0,1106443248
547,5810,3.0,1415444349
547,5812,4.0,1080965513
547,5820,3.0,1106369796
547,5847,2.0,1038929978
547,5875,3.0,1074561641
547,5876,4.0,1138841464
547,5893,4.0,1038929872
547,5902,5.0,1050320992
547,5932,3.0,1038929777
547,5936,3.0,1038929777
547,5938,2.0,1038929799
547,5940,2.5,1106442438
547,5943,1.5,1182395376
547,5945,4.0,1131635343
547,5954,2.5,1053172816
547,5957,2.0,1051689343
547,5963,3.5,1124933987
547,5966,2.5,1158263487
547,5986,3.0,1039526770
547,5989,4.0,1044792253
547,5991,3.0,1048001909
547,5992,4.5,1133584649
547,5995,4.0,1131635296
547,6001,5.0,1043682389
547,6003,3.5,1131635842
547,6016,4.0,1472045865
547,6021,5.0,1043682448
547,6027,3.0,1043682389
547,6031,3.5,1114127514
547,6047,3.5,1191118021
547,6051,3.0,1053423552
547,6062,3.5,1079841149
547,6064,3.5,1176002456
547,6100,2.5,1198816537
547,6101,4.5,1053423344
547,6105,3.0,1082214622
547,6109,0.5,1076210112
547,6115,2.5,1053423436
547,6127,0.5,1053423090
547,6133,4.5,1125060861
547,6170,4.0,1106442731
547,6178,4.0,1137987776
547,6188,3.5,1085100036
547,6215,3.5,1079240411
547,6218,4.0,1089518106
547,6230,3.5,1053422948
547,6232,4.0,1053422986
547,6238,2.0,1053422970
547,6247,4.0,1053422931
547,6252,0.5,1131636075
547,6254,3.5,1136761772
547,6269,3.0,1107033756
547,6271,4.5,1053422924
547,6273,4.5,1084754824
547,6281,3.5,1081483786
547,6296,4.0,1081819340
547,6308,1.5,1053422776
547,6323,3.0,1131635692
547,6327,3.5,1124933862
547,6331,4.0,1074481995
547,6341,3.0,1131635727
547,6345,3.0,1053422661
547,6357,2.5,1119491422
547,6358,3.5,1089003829
547,6367,2.5,1135966393
547,6373,2.0,1099968187
547,6378,3.5,1334161487
547,6380,4.0,1131635324
547,6385,4.0,1061177444
547,6400,3.0,1198771324
547,6410,3.0,1055595720
547,6413,2.0,1055595711
547,6419,4.0,1055595688
547,6422,3.0,1199391721
547,6436,3.0,1089494707
547,6440,2.0,1055595700
547,6452,4.0,1055595478
547,6466,2.5,1055595486
547,6477,3.5,1055595541
547,6480,2.5,1106443332
547,6525,3.0,1198814182
547,6528,3.5,1059943277
547,6530,4.5,1059943409
547,6533,4.0,1059943345
547,6538,4.5,1062374974
547,6539,3.0,1060913082
547,6552,4.5,1062375017
547,6584,2.5,1200868443
547,6592,2.5,1131635899
547,6596,1.5,1319862529
547,6603,3.0,1088396296
547,6612,4.0,1059943316
547,6620,2.5,1099106625
547,6629,3.5,1064696946
547,6638,3.0,1064974792
547,6639,4.5,1064696950
547,6646,4.0,1064697022
547,6650,4.0,1062886594
547,6658,1.5,1064696874
547,6662,5.0,1064696846
547,6663,4.0,1106442831
547,6666,4.0,1200107349
547,6671,0.5,1064696851
547,6676,3.0,1064696908
547,6684,2.5,1064696865
547,6708,4.0,1071567179
547,6711,4.0,1073190625
547,6724,4.5,1199390748
547,6728,2.5,1064974728
547,6731,2.0,1064974666
547,6735,3.0,1063578424
547,6773,4.5,1076040045
547,6777,4.5,1064696661
547,6786,4.0,1064696712
547,6787,4.5,1064696666
547,6788,2.5,1064974612
547,6796,4.0,1064696705
547,6797,1.0,1064696725
547,6810,1.0,1064974592
547,6813,1.5,1199392160
547,6851,3.5,1064974498
547,6852,4.5,1089946393
547,6856,4.0,1066411252
547,6858,4.0,1120449245
547,6867,4.0,1144877938
547,6868,3.5,1095060648
547,6870,4.0,1104705558
547,6873,3.0,1131635682
547,6881,3.5,1108949748
547,6890,4.0,1146358514
547,6906,2.5,1071596186
547,6932,3.0,1131635730
547,6935,3.5,1071972236
547,6942,4.0,1131635698
547,6945,4.0,1109472290
547,6953,3.0,1168388821
547,6954,3.5,1181445001
547,6957,3.5,1072563883
547,6964,3.5,1071596152
547,6970,2.5,1071596117
547,6974,3.5,1175978605
547,6977,3.5,1071596142
547,6979,3.0,1071596104
547,6987,4.5,1434383445
547,6992,3.0,1071596131
547,6993,1.5,1071596088
547,7001,4.0,1071596111
547,7008,4.5,1199390728
547,7009,3.0,1071596029
547,7010,4.0,1071595964
547,7013,4.5,1071595973
547,7018,3.0,1072254241
547,7020,4.0,1071596005
547,7023,3.0,1071595992
547,7027,3.5,1071596009
547,7038,3.5,1071596070
547,7040,3.0,1071595982
547,7042,2.0,1072254130
547,7044,3.0,1071596017
547,7045,3.5,1106442289
547,7046,0.5,1071596051
547,7060,3.5,1071595919
547,7061,3.5,1188017785
547,7062,4.0,1071595905
547,7063,2.0,1199220474
547,7067,3.0,1071595929
547,7068,3.0,1071595934
547,7069,4.0,1313911051
547,7071,2.5,1072634251
547,7073,4.5,1071595873
547,7075,4.5,1072634234
547,7078,3.0,1131845674
547,7079,3.0,1082214840
547,7080,3.0,1082214855
547,7083,2.5,1076636546
547,7084,4.5,1071595876
547,7087,5.0,1071595899
547,7088,4.5,1071595864
547,7089,4.5,1071595868
547,7091,4.5,1071595888
547,7102,1.5,1072634260
547,7107,3.0,1199220734
547,7111,4.5,1076636450
547,7116,5.0,1071595779
547,7122,4.0,1072254027
547,7125,3.5,1174742869
547,7126,4.5,1343952218
547,7130,4.0,1199559015
547,7131,3.5,1199574323
547,7132,5.0,1071595774
547,7136,4.0,1199391412
547,7139,4.5,1111372599
547,7142,2.0,1080966374
547,7147,4.0,1118102127
547,7149,3.0,1131635565
547,7150,3.0,1102138407
547,7154,1.5,1378997750
547,7156,4.0,1140326254
547,7158,3.0,1106829456
547,7160,4.0,1073176028
547,7162,4.5,1133584636
547,7165,3.0,1284821543
547,7171,3.5,1105227723
547,7180,4.0,1125060825
547,7182,3.0,1192841830
547,7190,4.0,1106443055
547,7215,4.5,1076635361
547,7216,3.5,1114382192
547,7217,4.0,1153190403
547,7219,4.0,1084237819
547,7222,3.0,1076635421
547,7223,3.0,1126661108
547,7247,1.5,1073443719
547,7248,3.0,1076635573
547,7255,2.5,1106429806
547,7265,4.0,1111977270
547,7266,3.5,1078625723
547,7285,3.5,1097536620
547,7300,4.5,1199390790
547,7325,0.5,1131635064
547,7327,4.0,1079109582
547,7334,3.0,1079109566
547,7348,2.5,1109447587
547,7354,3.0,1078716985
547,7357,3.5,1199574900
547,7358,2.5,1129943979
547,7360,4.5,1080523956
547,7361,4.5,1114369050
547,7386,3.5,1206276821
547,7387,3.0,1081819498
547,7394,3.0,1199391989
547,7396,4.0,1342849277
547,7415,2.5,1115582105
547,7419,5.0,1084413978
547,7451,2.5,1133059156
547,7478,4.5,1084413933
547,7484,3.5,1084413926
547,7487,4.5,1084413917
547,7493,4.0,1199574922
547,7566,4.5,1148929138
547,7571,4.0,1165452927
547,7577,0.5,1084413880
547,7583,3.5,1142666867
547,7585,2.0,1120515363
547,7613,3.0,1084413863
547,7614,4.0,1084413859
547,7615,3.5,1106442537
547,7619,4.0,1084413848
547,7620,4.0,1084413843
547,7636,1.0,1084413833
547,7669,5.0,1246886349
547,7698,4.5,1084413820
547,7701,1.0,1084413806
547,7706,3.5,1096856619
547,7713,2.5,1084413791
547,7714,4.0,1084413786
547,7728,3.0,1084413771
547,7766,4.0,1295079741
547,7767,4.0,1184283074
547,7791,2.0,1084413436
547,7815,1.5,1084413396
547,7831,3.0,1085447304
547,7833,3.0,1096856677
547,7834,3.5,1085447293
547,7835,3.5,1085447297
547,7836,5.0,1084413332
547,7872,2.5,1084413273
547,7881,3.5,1085800791
547,7883,3.0,1101086849
547,7921,3.0,1199219728
547,7922,2.5,1084413200
547,7934,3.5,1084413183
547,7935,4.0,1199390666
547,7943,4.5,1084413168
547,7944,4.0,1127644571
547,7946,1.5,1182305168
547,7948,4.0,1257568687
547,7958,3.5,1180619662
547,7959,3.5,1199509033
547,7979,4.0,1199392007
547,7981,4.0,1173500912
547,7983,2.0,1085447198
547,7995,3.0,1179020566
547,8003,2.0,1201323229
547,8011,4.0,1279902185
547,8016,2.0,1292767785
547,8033,3.0,1085447156
547,8042,4.5,1085447146
547,8044,4.0,1177216869
547,8056,2.5,1179447996
547,8123,5.0,1085447123
547,8125,4.0,1199221262
547,8137,3.5,1349826122
547,8147,3.0,1117156817
547,8158,2.5,1085447092
547,8183,4.0,1085447085
547,8188,4.0,1114222819
547,8191,3.5,1096856982
547,8194,3.0,1085447076
547,8196,3.0,1199217972
547,8197,1.5,1085447067
547,8261,5.0,1085447033
547,8264,5.0,1085447015
547,8266,2.5,1085447007
547,8331,3.5,1195924922
547,8337,4.0,1087766725
547,8360,3.5,1252767700
547,8364,4.0,1127531112
547,8366,3.0,1165014251
547,8373,2.5,1096586145
547,8388,4.0,1199392325
547,8392,2.0,1088487737
547,8410,4.0,1087766669
547,8420,4.0,1268554665
547,8422,3.0,1087766662
547,8459,4.0,1119305876
547,8462,2.5,1138494345
547,8464,4.5,1131634969
547,8465,2.5,1190590946
547,8477,4.0,1189018966
547,8487,2.5,1199392319
547,8491,4.5,1094783748
547,8492,4.5,1199576393
547,8499,1.5,1087766595
547,8507,4.0,1434029572
547,8522,2.5,1136441189
547,8525,1.5,1199392371
547,8528,3.5,1432359375
547,8529,3.0,1119305825
547,8530,2.0,1146356536
547,8533,3.5,1132463501
547,8535,2.0,1087766498
547,8542,4.5,1087766484
547,8571,2.5,1199392113
547,8572,4.5,1087766470
547,8583,2.5,1088487637
547,8610,2.5,1088487611
547,8612,3.5,1195185239
547,8617,3.0,1088487602
547,8618,4.0,1191981006
547,8622,3.5,1131634898
547,8623,2.5,1094520159
547,8625,3.0,1131635713
547,8636,3.5,1096586036
547,8641,3.5,1432359351
547,8650,3.5,1199391435
547,8661,3.5,1199391743
547,8665,3.5,1190926261
547,8667,3.5,1126660297
547,8712,3.5,1444015123
547,8724,3.5,1199391653
547,8725,2.5,1199392066
547,8727,1.5,1199219845
547,8752,4.0,1189643388
547,8761,3.5,1199559726
547,8763,1.5,1093815542
547,8768,3.5,1090114993
547,8772,4.0,1106443137
547,8781,4.0,1131634907
547,8784,4.0,1125283934
547,8798,3.0,1104369597
547,8813,2.5,1149469145
547,8828,3.0,1118548833
547,8838,4.0,1093815450
547,8851,2.0,1093815434
547,8853,2.5,1093815421
547,8874,2.5,1149464426
547,8882,3.5,1094983476
547,8903,3.5,1199559995
547,8907,2.5,1103292804
547,8917,3.5,1147648867
547,8923,4.0,1097536498
547,8933,4.0,1097536481
547,8948,3.5,1145756234
547,8949,5.0,1131634913
547,8958,4.5,1131634966
547,8966,4.0,1136761751
547,8970,3.5,1104462298
547,8979,4.5,1105066583
547,8981,4.0,1131634992
547,8984,2.5,1132463559
547,8987,3.0,1132463517
547,8998,3.0,1101590194
547,9012,4.0,1199576106
547,25769,4.0,1434383585
547,25773,4.0,1140468195
547,25777,3.5,1126235776
547,25788,3.0,1187478886
547,25795,4.0,1117156797
547,25825,4.0,1149823672
547,25828,4.0,1132973381
547,25841,2.5,1117156760
547,25842,3.5,1247498072
547,25850,4.0,1161398828
547,25856,4.0,1124783105
547,25865,4.0,1128200083
547,25874,3.0,1273878058
547,25882,4.5,1277997096
547,25886,4.0,1128298184
547,25900,3.5,1226705509
547,25904,3.5,1116802147
547,25906,2.5,1149305852
547,25920,3.5,1268306443
547,25929,4.0,1189476353
547,25930,3.5,1196633401
547,25937,2.5,1118499401
547,25940,2.5,1143942023
547,25941,4.0,1222176511
547,25945,4.5,1169870000
547,25947,3.5,1200088853
547,25952,4.0,1126235756
547,25965,2.0,1262672385
547,25972,4.0,1231861006
547,25996,4.5,1199575718
547,25999,4.5,1131165770
547,26010,3.0,1255191958
547,26013,2.5,1307714451
547,26079,4.0,1225036203
547,26084,4.5,1119491366
547,26086,4.0,1368640146
547,26093,3.5,1276696945
547,26116,2.5,1125541503
547,26117,3.5,1163598449
547,26147,4.5,1223568456
547,26157,0.5,1303479124
547,26163,4.0,1196044391
547,26178,4.5,1142843082
547,26180,3.5,1291555400
547,26198,2.5,1159995201
547,26199,4.0,1196449864
547,26229,3.5,1276010261
547,26242,4.0,1134529434
547,26251,4.0,1215813277
547,26258,1.5,1156627954
547,26271,4.0,1167962981
547,26303,3.0,1163474370
547,26313,3.5,1341668821
547,26323,4.5,1223996383
547,26338,3.0,1266063106
547,26346,3.0,1252767602
547,26349,3.5,1138566609
547,26350,4.5,1141435263
547,26371,2.5,1181745612
547,26391,1.5,1182395328
547,26404,2.5,1104180718
547,26430,1.0,1244930358
547,26435,2.5,1248610420
547,26467,1.0,1247839032
547,26472,2.5,1167962995
547,26485,0.5,1129916588
547,26487,2.0,1198816100
547,26501,5.0,1249033347
547,26505,4.5,1261380494
547,26524,4.0,1222044923
547,26528,4.0,1265116758
547,26562,4.0,1193465893
547,26564,4.0,1173477942
547,26581,2.0,1268902196
547,26622,3.5,1245467080
547,26649,4.0,1230809007
547,26680,3.0,1119491493
547,26689,2.0,1246886436
547,26694,4.0,1168305022
547,26712,4.0,1232379524
547,26729,4.5,1165014203
547,26731,4.0,1242992741
547,26737,4.0,1248780657
547,26775,1.5,1231860985
547,26782,3.0,1127100262
547,26784,3.0,1234577354
547,26797,5.0,1265820849
547,26835,3.5,1354966721
547,26838,3.5,1163598459
547,27020,3.0,1156627930
547,27329,4.0,1360422687
547,27373,4.0,1274650819
547,27802,4.0,1252940402
547,27812,4.5,1154874171
547,27821,3.5,1148696924
547,27878,4.0,1137366685
547,27904,4.0,1154647909
547,30707,5.0,1109536165
547,30712,4.5,1192150916
547,30749,4.5,1176003361
547,30810,1.5,1147018952
547,30812,3.5,1280728735
547,30820,2.5,1175917020
547,30898,3.5,1140291695
547,31104,3.0,1103859761
547,31109,3.0,1183773013
547,31522,1.5,1161398836
547,31696,0.5,1131635074
547,31737,3.5,1206148844
547,31747,0.5,1111809585
547,31963,3.5,1248097694
547,32022,3.0,1132463534
547,32203,4.0,1325674404
547,32234,4.0,1195596983
547,32349,3.0,1115581897
547,32369,4.0,1117337172
547,32371,4.0,1191022455
547,32444,2.5,1227738093
547,32582,4.0,1183767376
547,32598,4.0,1182568109
547,32728,3.5,1238428633
547,32882,2.5,1170962228
547,32898,5.0,1434384871
547,32943,4.0,1257441601
547,33154,4.0,1186803062
547,33166,4.0,1175824127
547,33171,3.5,1187485053
547,33358,4.0,1140316623
547,33587,4.0,1254935059
547,33615,3.5,1175824291
547,33639,3.0,1168305106
547,33660,3.5,1143517064
547,33679,0.5,1143517032
547,33836,0.5,1182394981
547,33880,2.5,1132463546
547,33912,4.0,1244930326
547,33917,4.0,1281472201
547,34002,2.5,1170962239
547,34018,3.0,1170962247
547,34048,3.5,1132463506
547,34162,3.0,1165019624
547,34338,4.5,1131634924
547,34359,3.5,1357056564
547,34364,3.0,1256679020
547,34437,3.0,1132463513
547,34542,3.0,1139101153
547,34608,3.0,1122972398
547,35836,3.5,1181617188
547,36152,3.0,1181745585
547,36517,4.0,1143516997
547,37211,2.5,1170962234
547,37240,2.5,1198771214
547,37277,1.0,1286739987
547,37733,4.0,1167742468
547,37741,4.5,1131243371
547,37855,3.0,1183666379
547,38061,2.5,1167271148
547,38304,4.5,1159995218
547,38499,4.5,1223996377
547,38798,3.5,1168388840
547,38886,2.5,1198771230
547,38994,2.0,1207194517
547,39183,5.0,1334343456
547,39292,4.0,1143516841
547,39307,2.5,1148929080
547,39381,3.5,1197170460
547,39414,4.0,1200089517
547,39419,2.5,1187754938
547,39779,3.5,1234601659
547,39941,4.0,1252767615
547,40583,4.0,1213604530
547,40614,2.5,1198369563
547,40629,4.5,1164901520
547,40817,2.5,1164625413
547,40819,4.5,1132463343
547,40826,3.5,1135726847
547,41226,4.0,1246459435
547,41566,4.0,1136156648
547,41714,3.5,1281022516
547,41863,4.0,1175863681
547,42740,2.5,1179019671
547,43333,4.0,1148870576
547,43351,3.0,1234797807
547,43635,4.0,1245858761
547,43708,3.5,1149388431
547,43910,4.0,1196556205
547,43917,3.0,1168042230
547,44073,2.0,1167963010
547,44195,3.5,1145151438
547,44199,4.0,1145486192
547,44204,4.0,1180304622
547,44421,4.0,1314537310
547,44555,5.0,1198810564
547,44633,3.0,1199066297
547,44665,3.0,1156906514
547,44694,1.5,1200082789
547,44709,3.5,1199402494
547,44759,1.5,1186712554
547,44761,1.5,1199314831
547,44788,3.5,1175720567
547,44864,2.5,1175824283
547,44911,2.0,1230808981
547,45028,4.0,1149993661
547,45062,2.5,1156363072
547,45179,3.5,1277386054
547,45186,1.5,1156907034
547,45208,1.0,1156363153
547,45210,4.5,1198810341
547,45382,3.0,1175916626
547,45501,1.0,1213732445
547,45679,4.0,1200793326
547,45720,3.0,1152006693
547,45722,3.5,1154217036
547,45837,1.5,1244103063
547,45880,2.5,1174233338
547,45942,4.0,1248097636
547,45950,3.5,1168042216
547,45987,4.0,1285323206
547,46561,3.0,1256226481
547,46578,4.5,1197165877
547,46723,4.0,1163375676
547,46850,3.5,1194912990
547,46965,3.0,1169062380
547,46976,3.0,1174233365
547,47092,4.5,1251526606
547,47099,4.0,1199325810
547,47196,1.5,1248610436
547,47202,4.0,1209166025
547,47261,3.0,1190590191
547,47330,1.0,1226407102
547,47423,4.0,1202185054
547,47493,3.0,1476587644
547,47606,3.0,1354223902
547,47610,3.0,1170002908
547,47629,4.5,1170962261
547,47721,3.0,1224173648
547,47894,2.0,1203388427
547,47950,3.5,1198368748
547,47978,4.0,1195596996
547,48262,3.5,1204185628
547,48268,4.0,1313376453
547,48385,3.5,1175459015
547,48516,5.0,1198810579
547,48560,3.0,1191258244
547,48696,4.5,1197165873
547,48738,4.0,1206848889
547,48741,4.0,1201869357
547,48774,4.5,1196305802
547,48780,3.0,1168042121
547,49132,4.0,1173795746
547,49220,3.5,1195353038
547,49286,2.0,1214927078
547,49530,3.5,1168042240
547,49772,3.5,1301765556
547,49822,3.0,1167188876
547,49824,4.5,1168918389
547,49910,2.5,1270485230
547,49961,3.5,1198799453
547,50245,4.5,1242683178
547,50658,4.0,1221732736
547,50685,3.0,1270485214
547,51080,3.5,1197088933
547,51540,4.0,1192372083
547,51662,3.0,1191974550
547,51773,3.0,1245858771
547,51884,3.0,1253383987
547,52241,4.0,1202179805
547,52378,2.5,1269513656
547,52435,4.0,1227339334
547,52722,2.5,1197166732
547,52767,4.5,1224705134
547,52913,4.0,1251302236
547,52967,4.0,1294418692
547,52973,3.0,1322848335
547,52975,3.5,1194817581
547,53000,4.0,1199326204
547,53024,4.5,1402153882
547,53123,4.0,1181438556
547,53133,2.5,1179447948
547,53322,3.0,1194915472
547,53887,5.0,1201361739
547,53972,3.5,1185672148
547,54220,4.0,1265820836
547,54272,4.5,1194915458
547,54372,4.0,1309704691
547,54513,4.0,1197088917
547,54881,4.0,1277568772
547,55052,4.5,1199051356
547,55063,5.0,1222362642
547,55078,4.0,1268554564
547,55118,4.0,1337445283
547,55156,4.0,1270485020
547,55247,5.0,1376840465
547,55253,4.5,1472569839
547,55267,3.0,1270485153
547,55269,4.0,1319862502
547,55276,5.0,1260618835
547,55290,3.5,1257441647
547,55757,2.5,1341408769
547,55765,3.0,1270485127
547,55805,3.5,1238950903
547,55820,4.5,1198888970
547,55851,3.5,1248621813
547,55895,3.5,1228302399
547,56152,4.0,1198643704
547,56286,3.5,1314978195
547,56333,3.5,1270485098
547,56367,4.5,1202609200
547,56607,4.5,1201915663
547,56782,5.0,1206148913
547,56788,4.0,1201665430
547,56805,4.5,1202180481
547,56949,1.5,1209754849
547,57243,3.5,1208478835
547,57368,4.0,1312645398
547,57418,3.5,1248610393
547,57430,3.5,1297948719
547,57669,5.0,1407749506
547,58365,4.0,1246886279
547,58559,2.5,1217953600
547,58649,5.0,1235048025
547,58879,4.5,1230869313
547,58904,3.5,1244711760
547,58998,3.5,1300551997
547,59018,4.0,1310221638
547,59118,3.5,1230985787
547,59180,4.0,1242992797
547,59315,3.5,1236959785
547,59369,1.0,1345375310
547,59669,3.0,1345734454
547,59725,3.5,1215180258
547,60069,5.0,1372603935
547,60072,2.0,1215782209
547,60135,4.0,1263057384
547,60343,2.5,1231517371
547,60382,4.0,1321636458
547,60756,4.0,1312645436
547,60766,4.0,1372603828
547,60943,3.0,1335711834
547,61024,4.0,1259388007
547,61132,3.5,1224854433
547,61323,3.5,1270485059
547,61357,4.5,1222269604
547,61634,3.5,1221569733
547,61729,3.0,1307717390
547,62344,3.0,1270485197
547,62511,2.5,1325351571
547,63082,4.5,1236699456
547,63113,3.0,1226407135
547,63239,3.5,1226705481
547,63629,4.0,1248780644
547,63808,3.5,1242514314
547,63876,4.0,1236959781
547,63992,3.5,1236959790
547,64229,3.5,1303491202
547,64338,2.5,1229189824
547,64575,3.0,1270485162
547,64614,4.0,1250440586
547,64620,3.5,1273326572
547,64622,4.0,1251562781
547,64839,4.5,1236954998
547,64990,3.0,1230809044
547,65130,3.5,1234626994
547,65188,4.0,1439913415
547,65230,1.5,1241050506
547,65418,2.5,1333852027
547,65465,2.0,1262146303
547,65585,0.5,1242541413
547,66200,2.5,1273415209
547,66509,2.5,1407749608
547,66665,4.0,1255191989
547,66686,3.5,1236954759
547,66934,3.0,1260618718
547,67087,4.0,1274366699
547,67193,3.5,1291481406
547,67197,2.5,1238932619
547,67255,4.0,1280588312
547,67429,4.0,1240926919
547,67734,4.0,1309011951
547,67788,0.5,1242518448
547,67957,3.0,1240147045
547,68157,4.0,1253017809
547,68536,4.0,1242514129
547,68614,2.5,1242992839
547,68838,4.5,1402062783
547,68848,3.5,1291563022
547,68901,3.5,1260618703
547,69122,3.5,1262284513
547,69458,2.5,1295016068
547,69481,4.5,1309012009
547,69559,4.0,1249033088
547,69654,4.0,1331912577
547,69712,2.0,1270485275
547,69757,3.5,1298043334
547,69821,1.5,1247839017
547,69908,4.0,1248097662
547,70188,2.5,1249553216
547,70201,3.5,1249646500
547,70286,4.5,1255099984
547,70293,4.0,1260619107
547,70418,3.0,1257694038
547,70751,2.5,1344834076
547,71108,4.0,1373818604
547,71156,2.5,1407749677
547,71211,3.0,1270399177
547,71404,4.0,1254313633
547,71464,3.5,1294934409
547,71535,3.0,1467990118
547,71579,3.5,1270485401
547,71804,2.5,1256226461
547,72011,4.0,1267280607
547,72131,4.0,1260619072
547,72169,3.0,1418392322
547,72226,4.0,1443402294
547,72367,4.5,1388506454
547,72395,4.0,1270310625
547,72641,4.0,1342850452
547,72720,4.5,1323707231
547,72998,4.0,1263562026
547,73023,4.0,1284825706
547,73323,3.5,1373205323
547,73469,3.0,1268313851
547,73854,3.5,1264083246
547,74089,5.0,1265116371
547,74282,4.0,1277094857
547,74458,4.0,1301062731
547,74510,3.5,1304098672
547,74545,4.0,1276424052
547,74630,3.0,1267416854
547,74795,3.5,1296916834
547,74916,2.0,1407749693
547,75813,2.5,1312689922
547,75990,4.5,1271343054
547,76293,3.5,1285807709
547,76763,3.0,1351004332
547,77421,3.5,1290309344
547,77561,3.0,1273415148
547,77808,2.5,1273877945
547,78039,4.5,1299940993
547,78111,2.0,1275603801
547,78116,3.5,1285807685
547,78499,4.5,1350747728
547,78517,3.0,1410534101
547,78574,4.0,1289659891
547,78653,3.5,1292068151
547,78729,2.5,1278144477
547,78967,4.0,1278607403
547,79132,4.0,1279982532
547,79134,1.5,1288466612
547,79242,4.5,1299855138
547,79592,4.0,1470925962
547,79702,2.5,1354342124
547,79720,3.0,1372951705
547,80346,3.5,1284542249
547,80463,4.0,1287199623
547,80489,4.5,1322200246
547,80862,3.5,1321575328
547,80969,3.5,1304786653
547,81512,3.5,1357407766
547,81562,4.0,1300890090
547,81591,4.0,1298726091
547,81641,3.5,1305481034
547,81784,3.0,1307725996
547,81845,4.0,1296916797
547,81898,0.5,1414252378
547,81932,5.0,1322201208
547,82378,3.0,1446821278
547,82459,4.5,1299258214
547,82463,4.0,1400430320
547,83332,4.0,1349928823
547,84098,3.5,1296603094
547,84392,3.0,1366821786
547,84847,4.0,1299258123
547,85016,3.5,1418563061
547,85414,3.5,1371222273
547,85881,3.5,1332000450
547,86320,4.5,1344642796
547,86487,5.0,1351010563
547,86833,4.0,1316873749
547,86864,4.0,1305892000
547,86911,2.0,1340372360
547,86982,2.0,1307379574
547,87218,3.5,1307379550
547,87298,1.5,1322809333
547,87304,4.5,1319862609
547,87306,4.0,1308272387
547,87383,3.0,1307540573
547,87598,3.0,1308669056
547,88024,2.5,1309881616
547,88129,4.0,1345308382
547,88163,3.0,1322809262
547,88235,4.0,1320317017
547,88405,3.5,1319862584
547,88682,4.0,1312466401
547,88810,4.0,1322894449
547,89203,4.0,1333810386
547,89260,4.0,1319862554
547,89321,2.0,1333027103
547,89408,3.0,1315887827
547,89470,4.0,1322809192
547,89492,4.0,1328012439
547,89678,3.5,1375083912
547,89745,2.0,1446907683
547,89804,4.5,1331982032
547,89864,3.5,1331912449
547,89881,4.0,1318091715
547,89904,3.5,1331392020
547,90057,4.0,1398961745
547,90266,3.0,1340461933
547,90374,3.5,1340467955
547,90376,4.0,1351959906
547,90428,3.0,1446392720
547,90439,4.0,1345910493
547,90469,2.5,1347630631
547,90531,4.0,1339860510
547,90717,3.0,1321670573
547,90866,4.5,1330529015
547,91077,4.5,1329492087
547,91134,3.0,1420810499
547,91286,4.0,1322355697
547,91500,3.5,1386503048
547,91582,2.5,1323494283
547,91610,2.0,1323606101
547,91658,4.5,1372000086
547,91890,3.5,1374667766
547,92756,2.5,1342874546
547,93432,3.0,1341074250
547,93510,4.0,1403280331
547,93512,3.0,1348198644
547,93700,4.0,1338679331
547,94266,3.0,1347631053
547,94931,4.5,1361110441
547,94959,3.5,1356273954
547,95135,4.5,1374855073
547,95307,3.5,1364662561
547,95441,3.0,1362231479
547,95449,4.0,1356967547
547,95558,4.0,1348198508
547,95583,3.0,1368864969
547,95873,4.0,1439269870
547,96075,5.0,1344149635
547,96079,4.0,1403436346
547,96110,3.5,1381668461
547,96314,3.5,1388752810
547,96467,3.5,1369491980
547,96488,4.0,1373637366
547,96563,4.0,1361888116
547,96565,1.5,1346949557
547,96588,4.0,1372429516
547,96728,4.0,1356693968
547,96792,3.5,1348198456
547,96811,4.0,1388590778
547,96849,3.0,1374849218
547,96901,4.0,1348779092
547,97254,3.5,1349928538
547,97304,4.0,1364714630
547,97306,2.5,1371824723
547,97395,4.0,1417236553
547,97639,3.5,1387285945
547,97673,4.5,1375453610
547,97752,4.0,1356876787
547,97817,4.0,1351546780
547,97866,4.0,1405084453
547,97921,4.0,1364662436
547,97923,4.5,1362756280
547,97936,3.0,1375102511
547,97938,4.5,1356788549
547,97994,3.5,1354379031
547,98154,4.5,1367068301
547,98441,4.0,1354223972
547,98458,2.0,1354223950
547,98473,3.5,1354223934
547,98611,3.0,1354966677
547,98795,4.0,1355494864
547,98803,3.0,1355494850
547,98961,4.5,1359631684
547,99085,2.5,1356000065
547,99089,4.0,1356000054
547,99114,4.0,1371308075
547,99145,4.5,1457792914
547,99149,4.0,1359132287
547,99220,3.0,1396672336
547,99270,2.5,1356469707
547,99273,2.5,1356469703
547,99276,2.5,1356469699
547,99741,3.5,1371290032
547,99839,4.0,1408199060
547,100383,4.0,1363359098
547,100581,3.0,1446652638
547,101088,2.0,1384245408
547,101106,3.0,1411565311
547,101525,4.0,1368282894
547,101531,1.5,1369486225
547,101850,5.0,1366208866
547,101895,4.5,1375546685
547,101904,3.5,1366208811
547,102123,4.5,1386945696
547,102194,4.0,1384649888
547,102396,3.5,1386516853
547,102588,4.0,1380982611
547,102800,3.5,1396624583
547,102819,4.0,1409327179
547,102903,3.5,1373036729
547,102993,2.5,1384396192
547,103107,4.0,1396627367
547,103372,4.0,1383625799
547,103444,4.0,1373036695
547,103539,3.5,1441520591
547,103624,4.0,1400251385
547,103671,2.5,1374335400
547,104119,5.0,1376492326
547,104321,2.5,1441629771
547,104339,4.0,1397836823
547,104374,3.5,1403356029
547,104595,4.0,1383015043
547,104597,3.5,1378132231
547,104757,4.0,1444015145
547,104841,3.5,1383358247
547,104879,2.0,1401038658
547,104913,3.0,1449412071
547,105197,4.5,1409415966
547,105211,3.5,1400417212
547,105213,3.5,1390580778
547,105355,4.5,1409415700
547,105504,5.0,1383712422
547,105731,3.5,1382579254
547,106004,3.5,1383315377
547,106100,3.5,1395577939
547,106332,3.5,1432654396
547,106397,2.5,1396672383
547,106438,3.5,1402842414
547,106452,3.5,1421593879
547,106696,4.0,1417527089
547,106766,4.0,1389965073
547,106782,3.5,1397928493
547,106916,5.0,1388421030
547,106920,5.0,1392654475
547,107042,4.0,1415383777
547,107141,4.5,1393613055
547,107348,3.0,1417458035
547,107382,3.0,1415383801
547,107771,3.5,1469368379
547,108076,2.0,1396605893
547,108190,3.5,1410067035
547,109161,4.0,1392562044
547,109205,4.0,1392653890
547,109374,4.5,1402760203
547,109487,3.0,1443402344
547,109740,3.0,1428239322
547,109848,2.0,1441524304
547,110194,4.0,1444845625
547,110453,3.0,1407749418
547,110752,4.5,1399683876
547,110858,1.5,1398810847
547,110882,3.5,1409237347
547,111113,3.0,1417458013
547,111384,3.5,1404576471
547,111443,3.0,1423194801
547,111529,2.5,1426607056
547,111622,4.0,1420131595
547,111759,2.0,1411906350
547,111795,3.5,1415383725
547,111921,4.0,1411228864
547,112183,5.0,1416281762
547,112290,4.5,1416281923
547,112334,3.5,1431096341
547,112399,4.5,1444845701
547,112450,2.0,1414247909
547,112552,4.0,1425779840
547,112556,4.0,1415120063
547,112577,5.0,1404823924
547,112582,4.0,1409416746
547,112653,4.0,1471004668
547,112735,4.5,1405681485
547,112850,2.5,1457109567
547,112852,4.0,1407510458
547,112921,4.0,1409416787
547,112940,3.0,1420910990
547,113207,4.0,1420810536
547,113220,3.0,1441520451
547,113705,3.5,1426607007
547,113829,3.0,1418385958
547,113938,3.5,1444845681
547,114074,3.5,1428249472
547,114082,4.0,1410966722
547,114122,3.5,1410966695
547,114342,4.0,1422112754
547,114464,5.0,1411828562
547,114601,3.5,1428849900
547,114662,4.0,1423131195
547,115231,3.5,1417322003
547,115569,4.5,1431187319
547,115713,4.5,1454000885
547,116012,4.0,1415383673
547,116136,2.5,1416224512
547,116161,4.0,1421073514
547,116797,3.5,1426347912
547,116799,3.5,1428155178
547,117176,4.0,1423838127
547,117456,3.5,1430495025
547,118898,4.0,1474704767
547,118900,4.0,1433002673
547,118924,2.5,1432908634
547,118985,3.0,1433082876
547,118997,2.5,1471611408
547,120821,4.5,1420455375
547,121231,3.5,1446907379
547,127114,4.0,1454253806
547,127136,3.0,1443402328
547,127152,4.5,1429529138
547,127158,3.5,1453043449
547,127164,4.5,1473002696
547,127178,3.5,1467465197
547,127202,3.0,1444896562
547,128360,4.5,1468681977
547,128606,4.5,1468592897
547,129364,2.0,1468761045
547,130351,4.0,1428155546
547,130452,4.0,1443432861
547,131724,4.0,1440416558
547,132074,4.0,1433520838
547,132496,3.5,1443433340
547,132888,3.5,1430317147
547,133419,1.5,1443402415
547,133645,4.0,1468161130
547,134025,3.0,1432654721
547,134130,4.5,1446210919
547,134368,3.0,1434211190
547,134393,4.0,1447418992
547,134853,4.0,1443402380
547,134881,4.0,1452436724
547,135508,3.5,1435161154
547,136018,3.5,1444267768
547,137337,4.0,1441376008
547,137857,4.0,1473522674
547,138258,3.0,1457712128
547,139385,3.5,1455195063
547,139644,2.5,1464465390
547,140174,4.0,1457179687
547,140247,4.0,1457109377
547,140816,3.5,1472045752
547,140928,1.5,1457091102
547,141749,4.0,1468077724
547,142192,3.5,1442199101
547,142258,1.5,1466252637
547,142488,4.0,1452944320
547,143377,3.5,1449333344
547,143385,3.5,1446812004
547,143657,2.0,1471257899
547,146656,4.0,1458652849
547,146682,3.5,1452405988
547,147845,3.5,1458992579
547,148238,3.0,1457795387
547,148626,4.5,1454163886
547,149354,3.5,1463150376
547,150856,5.0,1454432582
547,151307,4.5,1472400501
547,152077,3.5,1466174375
547,156387,4.0,1467946613
547,157296,3.0,1466948434
547,160656,3.5,1471168466
547,160718,4.0,1469713151
547,161084,2.5,1468248331
547,163949,5.0,1476419239
548,1,4.0,857405395
548,2,3.0,857406875
548,3,4.0,857405447
548,5,3.0,857405447
548,6,3.0,857405447
548,10,4.0,857407492
548,11,3.0,857406576
548,19,3.0,857407365
548,21,3.0,857405918
548,22,3.0,857406991
548,23,3.0,857407170
548,32,3.0,857405395
548,36,3.0,857405447
548,39,3.0,857405981
548,44,3.0,857407170
548,45,3.0,857407272
548,47,3.0,857407799
548,50,4.0,857405918
548,52,4.0,857405496
548,58,5.0,857405496
548,62,3.0,857405395
548,65,3.0,857405620
548,69,4.0,857406991
548,76,3.0,857405676
548,88,3.0,857405723
548,95,3.0,857405395
548,105,4.0,857407872
548,110,5.0,857405917
548,112,3.0,857405496
548,141,4.0,857405395
548,150,3.0,857406114
548,161,3.0,857405981
548,162,4.0,857406875
548,168,3.0,857407661
548,223,3.0,857405917
548,225,3.0,857406302
548,230,3.0,857406875
548,231,4.0,857406576
548,234,3.0,857406991
548,235,3.0,857407720
548,236,3.0,857407365
548,246,4.0,857406724
548,253,3.0,857406114
548,260,5.0,857405496
548,265,2.0,857405981
548,276,3.0,857407365
548,288,3.0,857407562
548,292,3.0,857407562
548,293,4.0,857405981
548,296,4.0,857405917
548,300,3.0,857406991
548,306,3.0,857407098
548,307,3.0,857407420
548,308,3.0,857407365
548,315,3.0,857406082
548,316,3.0,857406644
548,318,5.0,857406014
548,329,3.0,857406302
548,333,3.0,857406114
548,337,3.0,857406801
548,340,3.0,857407799
548,344,3.0,857405981
548,345,4.0,857406114
548,348,4.0,857406644
548,349,4.0,857405981
548,350,3.0,857406875
548,353,3.0,857407217
548,356,4.0,857405981
548,357,3.0,857405981
548,362,3.0,857407492
548,364,3.0,857406499
548,368,3.0,857407799
548,370,3.0,857407170
548,371,3.0,857407562
548,372,3.0,857407272
548,376,3.0,857405496
548,380,3.0,857407661
548,383,3.0,857407170
548,410,3.0,857406945
548,427,3.0,857406991
548,434,3.0,857406875
548,435,3.0,857406499
548,440,4.0,857406499
548,442,4.0,857407799
548,445,3.0,857407562
548,454,3.0,857406302
548,457,5.0,857406014
548,466,3.0,857407961
548,468,3.0,857407872
548,471,4.0,857407799
548,474,4.0,857406082
548,480,4.0,857406499
548,481,4.0,857406800
548,493,3.0,857407720
548,494,3.0,857405447
548,497,3.0,857406302
548,500,3.0,857406724
548,509,3.0,857405981
548,514,3.0,857407217
548,538,3.0,857406644
548,541,5.0,857406800
548,542,3.0,857407170
548,543,3.0,857407365
548,544,3.0,857407872
548,552,3.0,857407799
548,553,4.0,857406014
548,555,4.0,857406015
548,586,3.0,857406800
548,588,3.0,857407562
548,590,3.0,857406945
548,593,4.0,857405918
548,595,3.0,857407060
548,597,3.0,857406576
548,608,5.0,857405447
548,628,4.0,857405542
548,647,3.0,857406801
548,648,3.0,857405395
548,671,4.0,857405676
548,708,3.0,857405496
548,719,3.0,857405620
548,733,4.0,857405447
548,741,3.0,857407420
548,778,5.0,857405620
548,780,4.0,857405395
548,784,3.0,857405496
548,785,3.0,857405724
548,786,3.0,857405447
548,788,3.0,857405496
548,802,3.0,857405542
548,1035,3.0,857407059
548,1036,4.0,857406576
548,1073,3.0,857405447
548,1079,5.0,857406302
548,1080,4.0,857406991
548,1084,4.0,857406575
548,1086,4.0,857407661
548,1103,3.0,857407799
548,1356,4.0,857405542
549,18,1.0,1268782856
549,50,4.5,1268783169
549,267,2.0,1268782908
549,318,3.5,1268783173
549,671,5.0,1268782761
549,743,2.0,1268782799
549,750,5.0,1268783177
549,858,5.0,1268783180
549,1095,4.0,1268782836
549,1221,5.0,1268783183
549,1245,3.5,1268782842
549,1680,1.0,1268782806
549,2716,3.5,1268783189
549,2795,4.0,1268782830
549,3019,2.5,1268782915
549,3087,2.5,1268782862
549,3396,3.0,1268782808
549,3555,1.0,1268782810
549,3698,3.5,1268782824
549,3740,2.0,1268782880
549,3798,2.0,1268782833
549,4019,2.5,1268782847
550,10,4.0,943372548
550,11,4.0,943373959
550,16,5.0,942669563
550,32,4.0,942668664
550,34,4.0,943373414
550,41,5.0,943372388
550,47,3.0,942669480
550,110,3.0,943372349
550,145,4.0,959487219
550,153,1.0,943372786
550,161,4.0,942669719
550,172,2.0,942668764
550,208,3.0,943372786
550,293,3.0,943374214
550,296,5.0,943373825
550,338,4.0,942669183
550,353,4.0,959487237
550,356,4.0,943372349
550,377,5.0,942669824
550,380,4.0,943372597
550,440,3.0,943373616
550,442,2.0,942669148
550,457,3.0,942669521
550,474,4.0,959487071
550,480,4.0,942669034
550,494,3.0,942669930
550,517,3.0,943374568
550,527,5.0,943372349
550,588,4.0,943373505
550,589,4.0,942668665
550,590,5.0,943372549
550,593,4.0,942669479
550,608,5.0,942669521
550,647,4.0,943372388
550,648,3.0,943372625
550,665,5.0,959486824
550,733,4.0,942669719
550,736,3.0,943372786
550,748,5.0,942669183
550,780,3.0,943372422
550,788,3.0,959486932
550,798,3.0,959487179
550,832,2.0,942669619
550,861,3.0,942669965
550,904,5.0,943375474
550,1036,4.0,943374879
550,1101,2.0,943375066
550,1127,4.0,943374728
550,1183,4.0,943372388
550,1196,5.0,943374728
550,1198,5.0,943374979
550,1200,4.0,943374728
550,1210,4.0,943374728
550,1219,4.0,943375684
550,1240,4.0,943374728
550,1242,4.0,943375022
550,1274,4.0,943374763
550,1291,4.0,943374979
550,1372,4.0,959486957
550,1377,2.0,943372719
550,1391,3.0,943372450
550,1393,4.0,943373996
550,1422,3.0,942670431
550,1427,3.0,942670538
550,1480,4.0,942670234
550,1499,2.0,943372819
550,1515,3.0,942670470
550,1552,3.0,942670055
550,1573,4.0,959486906
550,1580,4.0,942669034
550,1589,3.0,943373169
550,1590,1.0,942669224
550,1601,4.0,943373252
550,1603,3.0,942669183
550,1608,3.0,942669782
550,1610,4.0,942669563
550,1616,3.0,942670191
550,1617,5.0,942669563
550,1620,3.0,942669965
550,1625,3.0,942669563
550,1645,2.0,942669619
550,1653,5.0,942668764
550,1676,4.0,942669100
550,1683,5.0,942670470
550,1704,5.0,943373825
550,1721,2.0,943373882
550,1722,3.0,959487134
550,1744,1.0,943372719
550,1747,3.0,943374345
550,1748,5.0,959486882
550,1769,3.0,942670318
550,1784,4.0,943373486
550,1792,3.0,942670191
550,1833,2.0,942670318
550,1876,3.0,942668764
550,1883,4.0,943373616
550,1917,3.0,942669270
550,1918,2.0,943373045
550,1920,2.0,943372476
550,1921,5.0,959486882
550,1923,5.0,943373486